date,staff_id,accessories,status
2024-04-10,510391769,Mouse,not returned
2025-05-19,532689999,Laptop Bag,returned
2024-03-03,570281466,"Laptop Stand, Keyboard, Laptop Charger",not returned
2025-12-23,993019801,Keyboard,returned
2025-05-31,546129354,"Laptop Charger, Mouse, Laptop Stand",returned
2024-03-30,675444604,"Laptop Stand, Power Cable, Wired headset Cushion",not returned
2024-05-31,821579885,"Mouse, Laptop Bag",not returned
2025-02-10,457517705,"Laptop Bag, Wired headset Cushion",not returned
2025-10-12,575680693,Power Cable,returned
2025-01-22,860283250,"Laptop Charger, Wireless Headset Cushion",returned
2024-10-11,158593156,"Keyboard, Power Cable, LAN Adapter",not returned
2024-04-21,760555221,"HDMI to VGA connector, Laptop Charger, Wired headset Cushion",returned
2025-12-09,811060614,"Wired headset Cushion, Wireless Headset Cushion, Keyboard",returned
2025-10-13,997603725,"Wireless Headset Cushion, VGA Connector",not returned
2025-08-11,538404342,"HDMI to VGA connector, Wired headset Cushion",not returned
2024-02-06,394226159,"LAN Cable, Keyboard, Laptop Charger",returned
2024-07-27,661277051,"Wired headset Cushion, Laptop Bag, VGA Connector",not returned
2025-04-23,308869838,"LAN Adapter, Laptop Stand, Wired headset Cushion",not returned
2025-11-28,768986243,Mouse,not returned
2024-12-10,690404558,"Keyboard, Wired headset Cushion",not returned
2025-06-21,688078280,"VGA Connector, Power Cable, LAN Adapter",returned
2025-04-28,927749187,Wired headset Cushion,not returned
2024-06-05,208177158,"Laptop Charger, Power Cable",not returned
2025-06-14,943113786,Laptop Stand,not returned
2025-10-23,935021998,Keyboard,returned
2024-04-22,387073305,LAN Cable,not returned
2024-05-24,778295798,Power Cable,not returned
2024-05-24,980428452,"Laptop Stand, Wireless Headset Cushion",returned
2024-02-28,401649155,"Keyboard, LAN Cable, Laptop Stand",not returned
2024-04-08,828327980,"Keyboard, Wireless Headset Cushion",not returned
2025-08-16,891984698,"Mouse, Wireless Headset Cushion",returned
2024-08-23,862588517,LAN Cable,not returned
2024-04-10,895890631,"Laptop Charger, Wired headset Cushion, Laptop Bag",not returned
2025-08-12,900194244,"Laptop Stand, Mouse, Laptop Charger",not returned
2024-09-11,614355545,Keyboard,not returned
2025-03-16,766013190,Mouse,returned
2024-06-23,246698943,Keyboard,not returned
2025-11-15,916757816,"Laptop Bag, LAN Adapter, VGA Connector",returned
2025-04-28,176082500,"Laptop Charger, Power Cable, Wired headset Cushion",returned
2025-03-11,840447097,"LAN Cable, LAN Adapter",not returned
2024-11-02,279110141,"VGA Connector, Keyboard, Wired headset Cushion",returned
2025-11-20,124885365,"Mouse, Laptop Charger",returned
2024-06-01,287690458,Mouse,returned
2024-01-31,519278813,"Mouse, Wired headset Cushion, Keyboard",returned
2025-02-20,917865301,Laptop Stand,returned
2025-04-14,459327003,"VGA Connector, Wired headset Cushion, Laptop Stand",returned
2024-06-19,242503964,"VGA Connector, Wired headset Cushion, LAN Adapter",not returned
2025-07-14,841415799,Keyboard,not returned
2025-01-27,836307746,"Power Cable, VGA Connector",returned
2024-03-06,329703585,"LAN Cable, Keyboard, Mouse",not returned
2025-02-11,896233790,Wired headset Cushion,returned
2025-07-14,716416868,"VGA Connector, Laptop Bag, Power Cable",returned
2025-04-14,708857885,"Wired headset Cushion, Keyboard",not returned
2024-07-10,233316990,Mouse,returned
2025-10-21,370581558,Laptop Bag,not returned
2024-09-14,384976854,"Wired headset Cushion, Power Cable",returned
2025-08-09,578090317,"Mouse, Power Cable",not returned
2024-10-16,828519068,"Power Cable, Laptop Stand",not returned
2025-08-19,477895080,Wireless Headset Cushion,returned
2025-11-26,266457342,"LAN Adapter, Laptop Stand, Mouse",not returned
2025-11-27,927982963,Laptop Charger,not returned
2024-08-28,164463569,"Laptop Bag, Mouse, Laptop Stand",returned
2025-07-18,427159637,Laptop Charger,returned
2024-03-04,112838650,Power Cable,returned
2024-06-20,583493761,Laptop Charger,returned
2024-04-30,826166835,Power Cable,not returned
2025-05-02,683503591,LAN Cable,not returned
2025-05-25,701741560,"Power Cable, Laptop Bag",not returned
2024-10-13,626072176,"Keyboard, Mouse",not returned
2024-04-28,866213410,"Keyboard, LAN Adapter, Laptop Stand",returned
2024-08-24,136552071,"Laptop Bag, HDMI to VGA connector",returned
2025-05-19,180909963,"Wireless Headset Cushion, Laptop Bag",not returned
2024-07-17,233398648,"Wireless Headset Cushion, Laptop Charger, Laptop Stand",returned
2024-03-12,110440194,"Wireless Headset Cushion, LAN Cable, Keyboard",returned
2025-04-29,586940738,Keyboard,returned
2025-04-21,653953485,"Laptop Charger, Wired headset Cushion",not returned
2025-06-30,856589701,"LAN Cable, Wireless Headset Cushion, Laptop Stand",not returned
2025-05-12,100308454,Keyboard,not returned
2025-04-16,730200307,Mouse,not returned
2025-09-13,959652076,"Wireless Headset Cushion, Laptop Bag, VGA Connector",not returned
2024-06-29,371011200,Keyboard,returned
2024-02-17,308869838,Laptop Stand,returned
2025-01-11,623817304,"Laptop Stand, Laptop Bag, Power Cable",returned
2025-12-13,433913647,"HDMI to VGA connector, Mouse",not returned
2025-06-23,835354265,"Wired headset Cushion, LAN Cable, Keyboard",not returned
2024-06-30,632363811,"Laptop Charger, Laptop Bag",returned
2025-08-11,417001612,Power Cable,returned
2025-07-25,878295151,"HDMI to VGA connector, Power Cable, Wired headset Cushion",not returned
2025-08-14,624282788,"Keyboard, Power Cable, Mouse",not returned
2025-06-11,432759989,VGA Connector,not returned
2025-03-18,805324063,Wired headset Cushion,returned
2024-03-20,807762976,Power Cable,not returned
2025-04-14,124250578,Wireless Headset Cushion,not returned
2024-04-08,541102414,"Power Cable, LAN Cable, Laptop Stand",not returned
2025-12-27,421346113,Wireless Headset Cushion,returned
2024-06-09,371379423,"Mouse, Keyboard",not returned
2025-02-05,326057528,"HDMI to VGA connector, Power Cable, Laptop Charger",returned
2024-12-26,771318744,"Wired headset Cushion, Wireless Headset Cushion, Mouse",not returned
2026-01-23,106330865,"Laptop Stand, LAN Cable, Wired headset Cushion",not returned
2024-11-09,648334433,LAN Cable,not returned
2024-04-26,568213197,"LAN Cable, Keyboard",not returned
2024-08-23,902990996,"LAN Cable, Power Cable",not returned
2024-12-08,226942964,"Wireless Headset Cushion, Laptop Stand, Laptop Bag",returned
2024-11-20,602574675,"Power Cable, LAN Cable, Laptop Bag",not returned
2024-12-05,914426538,"Mouse, Wireless Headset Cushion, LAN Cable",returned
2024-11-10,755503884,"Laptop Charger, LAN Cable, HDMI to VGA connector",not returned
2024-10-29,420364823,"LAN Cable, Wired headset Cushion",not returned
2025-08-04,645406800,"Keyboard, Wireless Headset Cushion, Laptop Stand",not returned
2025-10-21,193974854,LAN Cable,not returned
2025-06-08,142817871,Laptop Bag,returned
2025-12-08,626036464,VGA Connector,returned
2024-10-15,241962842,"LAN Cable, Laptop Charger",returned
2024-02-11,617187507,"VGA Connector, Power Cable",returned
2025-08-26,125409494,"LAN Adapter, Mouse, Keyboard",not returned
2025-06-14,259188853,LAN Adapter,not returned
2025-12-04,900958822,"Wired headset Cushion, Keyboard, VGA Connector",returned
2024-10-06,130465806,"Laptop Stand, LAN Adapter, Laptop Charger",not returned
2024-10-28,417403063,"LAN Adapter, Laptop Stand, Power Cable",not returned
2025-08-15,217362383,"VGA Connector, LAN Adapter, Wireless Headset Cushion",returned
2024-04-12,982551268,"Laptop Stand, VGA Connector",returned
2025-04-18,488267537,"Keyboard, Wireless Headset Cushion",returned
2025-04-21,821579885,"HDMI to VGA connector, Laptop Stand",returned
2025-09-05,347939168,Wired headset Cushion,not returned
2024-02-14,392691920,LAN Adapter,returned
2025-11-20,283758720,"Power Cable, HDMI to VGA connector",not returned
2024-11-25,856641801,Wired headset Cushion,not returned
2024-12-22,362950628,"LAN Adapter, Mouse, Laptop Charger",not returned
2024-09-23,280531127,HDMI to VGA connector,not returned
2024-12-21,163215224,"Laptop Stand, LAN Adapter",returned
2024-09-12,141078352,Wireless Headset Cushion,not returned
2024-09-14,437882805,Power Cable,not returned
2024-03-11,518834994,"Power Cable, Laptop Bag, VGA Connector",returned
2024-04-27,109099680,"Mouse, Power Cable, Laptop Charger",returned
2025-10-31,899089320,"Power Cable, Laptop Bag, VGA Connector",returned
2025-12-04,793830224,"Power Cable, HDMI to VGA connector",returned
2024-10-16,608678910,"HDMI to VGA connector, Power Cable",not returned
2024-11-19,304536802,"Keyboard, VGA Connector",returned
2024-07-21,904190892,HDMI to VGA connector,returned
2024-03-30,679522971,LAN Cable,returned
2025-12-24,544572227,Wired headset Cushion,returned
2024-04-28,784944881,Wired headset Cushion,returned
2024-09-27,847462287,"Keyboard, Laptop Charger, Wired headset Cushion",not returned
2024-02-08,675770529,"HDMI to VGA connector, Laptop Bag",returned
2025-08-10,416904770,"Keyboard, Laptop Charger",returned
2025-03-11,207673349,"LAN Cable, Power Cable, LAN Adapter",returned
2025-11-08,412273967,"LAN Adapter, LAN Cable, Wired headset Cushion",returned
2024-02-11,141580226,"LAN Cable, Laptop Charger",returned
2024-06-24,222435172,HDMI to VGA connector,not returned
2024-03-18,507807998,"Keyboard, Laptop Stand",not returned
2026-01-12,266192234,"VGA Connector, Keyboard",not returned
2025-01-19,442185272,"VGA Connector, Laptop Bag, Power Cable",returned
2024-08-08,111334226,"Wireless Headset Cushion, Laptop Charger, Laptop Stand",not returned
2024-10-05,572944000,"LAN Adapter, Laptop Charger",not returned
2025-02-28,725996789,Keyboard,not returned
2024-10-20,669462919,VGA Connector,not returned
2025-02-14,958319153,VGA Connector,not returned
2025-07-22,668132202,"Wired headset Cushion, HDMI to VGA connector",not returned
2025-02-10,841520570,"Laptop Charger, Wireless Headset Cushion",returned
2024-08-13,447520416,Keyboard,returned
2024-12-04,253824712,"Laptop Stand, Wired headset Cushion",not returned
2024-04-03,693458652,"VGA Connector, LAN Adapter, Mouse",returned
2025-03-29,579125557,Power Cable,returned
2025-03-17,934411164,"Laptop Charger, HDMI to VGA connector, VGA Connector",not returned
2024-11-15,338470307,"Laptop Stand, HDMI to VGA connector, LAN Cable",not returned
2025-04-22,237378973,"Wireless Headset Cushion, Wired headset Cushion",returned
2025-07-11,234260583,"Keyboard, Laptop Stand",returned
2025-07-12,510943598,LAN Adapter,not returned
2025-04-16,737444033,"Laptop Charger, Laptop Stand, LAN Adapter",not returned
2025-10-14,904187231,Wireless Headset Cushion,returned
2025-01-20,596832859,Wireless Headset Cushion,returned
2024-01-30,625288882,"Laptop Bag, Wireless Headset Cushion, Mouse",returned
2024-07-07,180792472,"LAN Adapter, Laptop Bag",not returned
2025-10-11,801835431,Laptop Charger,not returned
2024-10-01,873869166,"VGA Connector, HDMI to VGA connector",returned
2025-12-03,929108437,"VGA Connector, Keyboard",returned
2024-12-10,142311558,"Keyboard, Laptop Charger",returned
2025-08-22,314164216,Laptop Charger,not returned
2025-10-29,288751681,Keyboard,not returned
2024-05-14,366544373,"Laptop Charger, Wired headset Cushion, Laptop Stand",not returned
2024-10-20,178910051,"Wireless Headset Cushion, Laptop Charger",not returned
2025-03-18,421455482,"Laptop Charger, Mouse, LAN Adapter",returned
2025-06-26,242283221,"Wired headset Cushion, Wireless Headset Cushion, Keyboard",returned
2025-05-24,275452091,Laptop Stand,returned
2025-08-17,607929943,Power Cable,not returned
2024-02-19,627986559,"VGA Connector, Wireless Headset Cushion, Mouse",returned
2025-04-04,289630619,"Wireless Headset Cushion, VGA Connector, Keyboard",returned
2025-04-29,919128302,"Laptop Charger, LAN Cable, Wired headset Cushion",not returned
2025-09-29,559891563,"Wired headset Cushion, LAN Cable, Laptop Bag",not returned
2025-09-01,779919809,Mouse,returned
2025-03-16,476990466,"LAN Adapter, Laptop Charger, Wireless Headset Cushion",not returned
2025-09-19,531246845,"LAN Adapter, Wireless Headset Cushion",not returned
2025-04-21,735408331,"Laptop Stand, VGA Connector, LAN Cable",returned
2024-05-22,374811907,Power Cable,not returned
2024-05-16,420452650,"Mouse, Keyboard",returned
2024-03-05,847506709,"Laptop Charger, Mouse, Wireless Headset Cushion",returned
2025-07-29,873969707,"Laptop Stand, LAN Cable",not returned
2025-04-15,837832868,Laptop Charger,not returned
2024-04-14,675379544,"Keyboard, VGA Connector",not returned
2024-12-02,223075021,"HDMI to VGA connector, LAN Cable",returned
2025-08-13,636718857,"Power Cable, VGA Connector",not returned
2024-03-17,894198823,"Laptop Stand, Mouse",not returned
2025-10-26,372826122,"Wireless Headset Cushion, HDMI to VGA connector",returned
2024-12-07,214014134,"Mouse, LAN Cable, Laptop Stand",not returned
2024-11-27,739124632,Wired headset Cushion,not returned
2024-04-27,264142683,"LAN Cable, VGA Connector",returned
2025-06-30,865974442,"Laptop Stand, Laptop Bag",not returned
2024-11-02,718121922,"VGA Connector, Keyboard, Mouse",returned
2024-01-29,852126726,Wireless Headset Cushion,returned
2024-07-08,513600440,"Keyboard, Wired headset Cushion",returned
2024-10-09,949856342,LAN Cable,returned
2024-09-01,438395096,"Wireless Headset Cushion, Laptop Stand, LAN Adapter",not returned
2024-09-17,771230728,"Wired headset Cushion, VGA Connector",returned
2024-12-28,709073484,Laptop Charger,returned
2025-11-14,272134062,"Power Cable, HDMI to VGA connector",not returned
2026-01-22,588915267,"LAN Adapter, Wireless Headset Cushion",not returned
2025-08-25,943751263,"Laptop Stand, VGA Connector",not returned
2025-02-18,802867083,"Laptop Stand, Power Cable, VGA Connector",not returned
2025-07-15,340756713,"Wired headset Cushion, Laptop Charger, Power Cable",returned
2024-11-30,220507410,HDMI to VGA connector,not returned
2024-02-02,553035110,"Power Cable, LAN Cable",returned
2024-09-04,737888347,Laptop Bag,not returned
2025-10-14,932701695,"Keyboard, Laptop Stand",not returned
2026-01-09,637569722,"Laptop Bag, Power Cable, LAN Adapter",returned
2024-10-01,759737342,"HDMI to VGA connector, Laptop Charger",not returned
2024-03-30,309968304,HDMI to VGA connector,not returned
2025-03-06,313814138,"LAN Adapter, VGA Connector, Laptop Stand",returned
2024-05-02,139428930,Wired headset Cushion,not returned
2025-06-06,838586956,"Keyboard, Power Cable, LAN Adapter",returned
2024-10-27,230141431,LAN Adapter,not returned
2025-12-26,933120538,HDMI to VGA connector,returned
2025-03-30,377731914,"HDMI to VGA connector, Power Cable",returned
2025-05-19,476326283,"Power Cable, Laptop Charger, Laptop Bag",returned
2025-07-29,338680070,Laptop Charger,not returned
2024-04-30,120405269,"Wired headset Cushion, VGA Connector, Laptop Charger",returned
2025-06-01,975139327,"LAN Cable, Wireless Headset Cushion",not returned
2025-05-08,707661655,"Mouse, VGA Connector, Wireless Headset Cushion",returned
2025-11-10,469651326,"HDMI to VGA connector, Laptop Charger",not returned
2024-04-10,119727026,"LAN Adapter, Wireless Headset Cushion",not returned
2025-03-21,978726109,Power Cable,not returned
2025-10-07,657054862,Power Cable,not returned
2024-06-15,968437953,"LAN Adapter, Wireless Headset Cushion",returned
2024-03-21,370471388,"Wireless Headset Cushion, Mouse",returned
2024-05-14,661723850,"VGA Connector, Wireless Headset Cushion, Wired headset Cushion",not returned
2025-06-14,158011705,"Wired headset Cushion, Laptop Charger, Wireless Headset Cushion",returned
2024-04-21,167637817,LAN Cable,returned
2025-03-14,523509129,"Mouse, Laptop Charger",not returned
2025-09-12,152925780,Wireless Headset Cushion,not returned
2024-11-25,258435089,Wired headset Cushion,returned
2024-07-21,961393416,"Laptop Stand, LAN Adapter",not returned
2025-08-09,294627041,"VGA Connector, Wireless Headset Cushion",not returned
2025-09-29,152647028,"Keyboard, Laptop Bag",returned
2024-03-03,756569565,"LAN Cable, Power Cable, Laptop Stand",not returned
2025-10-24,766964667,"Mouse, Wireless Headset Cushion",returned
2024-10-16,476151232,"LAN Cable, LAN Adapter",not returned
2024-06-05,408034406,"LAN Cable, HDMI to VGA connector",returned
2024-03-04,216070149,VGA Connector,returned
2024-04-30,467570835,"HDMI to VGA connector, Laptop Charger, Wired headset Cushion",returned
2024-04-14,920600973,"LAN Adapter, Wireless Headset Cushion",not returned
2025-09-27,744253537,Mouse,returned
2025-03-19,726160204,"Keyboard, LAN Adapter",returned
2024-07-23,792156071,Power Cable,not returned
2025-01-10,542750235,"LAN Adapter, Laptop Stand, Power Cable",returned
2024-11-26,870780411,"Keyboard, VGA Connector, Laptop Charger",not returned
2025-04-13,197420069,LAN Adapter,not returned
2025-06-16,899925830,"VGA Connector, Wired headset Cushion",not returned
2025-10-15,377281586,"HDMI to VGA connector, Laptop Stand, LAN Adapter",returned
2024-12-13,680413337,"Wired headset Cushion, Keyboard",not returned
2025-10-23,929587172,"Wired headset Cushion, LAN Cable, Laptop Charger",returned
2025-12-04,801887172,"Wired headset Cushion, Laptop Bag",returned
2025-11-15,173919503,"Wired headset Cushion, Laptop Charger, LAN Adapter",returned
2025-02-22,901955461,Laptop Charger,returned
2025-04-16,953065069,Laptop Bag,not returned
2025-07-30,299215925,LAN Cable,returned
2025-09-12,186237917,HDMI to VGA connector,returned
2024-06-01,192142552,"Mouse, Laptop Bag",not returned
2025-12-02,475138838,LAN Adapter,not returned
2024-08-04,349957310,LAN Adapter,returned
2024-09-24,319808475,"HDMI to VGA connector, Laptop Stand",returned
2024-10-19,885526510,"Wired headset Cushion, Laptop Charger, Mouse",not returned
2024-10-12,264109919,"Mouse, LAN Adapter, VGA Connector",not returned
2024-11-14,214929002,"Keyboard, VGA Connector, LAN Cable",returned
2025-11-03,397082704,"Laptop Charger, Laptop Bag",returned
2025-09-17,293699305,"Laptop Charger, LAN Cable",not returned
2024-12-30,406284028,"Laptop Stand, Wireless Headset Cushion, VGA Connector",not returned
2025-10-15,416290643,"Keyboard, LAN Cable, Laptop Stand",returned
2024-11-10,557089367,"Wired headset Cushion, Power Cable",not returned
2024-10-17,577531502,"Power Cable, Keyboard",not returned
2024-11-13,675004218,"LAN Cable, Wireless Headset Cushion",not returned
2025-08-21,537195843,"VGA Connector, Keyboard, LAN Cable",returned
2025-10-21,940725996,"Keyboard, HDMI to VGA connector",returned
2024-07-04,822604249,Laptop Charger,not returned
2024-03-09,645179180,Power Cable,not returned
2024-03-14,812480457,"LAN Adapter, Mouse",not returned
2024-05-20,197924383,"HDMI to VGA connector, Keyboard",returned
2025-08-19,667121569,"VGA Connector, Wired headset Cushion, Keyboard",not returned
2024-07-04,272796036,"Keyboard, Wireless Headset Cushion",returned
2024-11-11,155417727,"Laptop Charger, LAN Adapter, Laptop Stand",returned
2024-05-11,575788930,"LAN Adapter, Wireless Headset Cushion, Mouse",returned
2025-04-20,224377946,"Wireless Headset Cushion, HDMI to VGA connector, LAN Cable",returned
2025-07-23,195268824,Laptop Charger,not returned
2025-11-14,395121074,LAN Adapter,returned
2025-10-23,427899285,"Laptop Stand, Wired headset Cushion, Power Cable",not returned
2024-10-17,719303396,"Laptop Bag, HDMI to VGA connector",not returned
2025-02-26,723326773,"Laptop Charger, Keyboard, Mouse",returned
2025-08-16,776776838,"Mouse, LAN Cable, Keyboard",not returned
2024-10-28,344767409,"Power Cable, VGA Connector, Laptop Charger",not returned
2024-11-26,963291475,"Wired headset Cushion, Laptop Stand",returned
2025-02-05,442420233,"Keyboard, Wireless Headset Cushion",not returned
2024-08-03,540639384,"Wireless Headset Cushion, Mouse, Wired headset Cushion",not returned
2024-05-21,823164961,Mouse,returned
2025-03-22,245415636,Laptop Bag,not returned
2025-04-03,419367188,"Keyboard, Mouse",not returned
2024-11-10,777169078,Laptop Bag,not returned
2024-07-28,220816186,"Wired headset Cushion, Laptop Stand, LAN Cable",not returned
2025-11-12,789705810,"LAN Adapter, Mouse",not returned
2026-01-05,823494111,"Keyboard, HDMI to VGA connector",not returned
2024-06-16,286455552,"LAN Adapter, LAN Cable",not returned
2025-04-03,381519299,Power Cable,returned
2025-02-26,850937987,Laptop Charger,not returned
2024-02-18,709004943,"Keyboard, Power Cable",returned
2025-05-20,247382533,"Laptop Charger, Power Cable",returned
2024-12-15,588999385,"LAN Adapter, HDMI to VGA connector",returned
2025-02-17,909763993,Keyboard,returned
2024-07-30,309540440,"Wired headset Cushion, HDMI to VGA connector, LAN Cable",returned
2025-05-28,381699808,Laptop Bag,not returned
2025-07-06,851454793,Laptop Charger,returned
2024-03-24,289630619,Laptop Bag,not returned
2024-10-06,298583968,"Laptop Charger, VGA Connector, LAN Adapter",not returned
2024-04-22,406798268,"Laptop Bag, VGA Connector",returned
2024-10-01,695445137,"LAN Cable, Wireless Headset Cushion",not returned
2024-05-29,251651862,HDMI to VGA connector,returned
2025-03-13,991816852,"VGA Connector, Mouse",returned
2025-01-12,459048149,"Keyboard, LAN Cable",returned
2024-05-05,218574293,"Laptop Stand, Power Cable, VGA Connector",returned
2024-10-21,184643708,"LAN Cable, Wired headset Cushion, HDMI to VGA connector",not returned
2024-08-29,895016576,Mouse,not returned
2025-10-11,697391512,"LAN Adapter, Keyboard",returned
2025-12-15,788095145,LAN Adapter,not returned
2024-11-01,981270974,"Laptop Stand, Laptop Charger, Laptop Bag",not returned
2025-01-08,840831347,"Power Cable, LAN Adapter",not returned
2024-02-29,578476787,"Mouse, LAN Cable, HDMI to VGA connector",returned
2025-02-21,503867640,Laptop Stand,not returned
2025-04-09,582896428,"LAN Adapter, LAN Cable",returned
2025-02-17,709650444,Laptop Charger,returned
2025-01-31,624606470,"LAN Cable, LAN Adapter",not returned
2025-09-14,461415646,"LAN Adapter, Keyboard, Wireless Headset Cushion",not returned
2024-04-06,484897084,"Laptop Bag, LAN Cable",returned
2024-04-03,299648970,"Power Cable, Laptop Stand, HDMI to VGA connector",returned
2025-01-18,667952106,"Laptop Bag, Wired headset Cushion",not returned
2024-09-14,267851051,Wired headset Cushion,returned
2025-08-19,281075299,Wireless Headset Cushion,returned
2024-08-23,321278458,"LAN Adapter, Laptop Stand, Mouse",not returned
2024-05-02,298053584,Laptop Charger,not returned
2025-08-20,428786222,Laptop Bag,returned
2024-11-02,904190892,Power Cable,not returned
2024-03-03,862023079,"Wired headset Cushion, VGA Connector, Laptop Charger",not returned
2024-10-22,546521400,Laptop Stand,returned
2025-03-14,464304610,"Wired headset Cushion, HDMI to VGA connector",not returned
2024-10-09,511281012,"Power Cable, Laptop Stand",not returned
2025-08-12,340777602,Laptop Charger,returned
2025-05-13,949030118,LAN Cable,not returned
2025-01-09,655928892,"Keyboard, Laptop Stand, LAN Adapter",not returned
2025-10-31,364697908,Wireless Headset Cushion,not returned
2024-08-17,271092615,Power Cable,returned
2025-06-11,567482967,"HDMI to VGA connector, Mouse",not returned
2025-12-01,958494527,"Laptop Stand, HDMI to VGA connector",returned
2024-12-25,839269574,HDMI to VGA connector,returned
2025-12-27,555598254,"Keyboard, LAN Cable",not returned
2025-08-28,748758323,Mouse,not returned
2024-09-28,256094585,"Laptop Bag, VGA Connector, LAN Cable",returned
2025-11-04,662600500,Wireless Headset Cushion,returned
2025-08-24,422589929,"LAN Adapter, Laptop Charger, Laptop Stand",not returned
2025-10-03,406084084,"Wired headset Cushion, Wireless Headset Cushion",returned
2025-12-07,841015965,Power Cable,not returned
2025-11-21,535968611,VGA Connector,returned
2024-04-17,871531100,"Laptop Charger, Wired headset Cushion, Laptop Bag",not returned
2024-11-11,880695706,Laptop Charger,not returned
2025-05-23,140507249,"Power Cable, Laptop Bag, Keyboard",not returned
2025-11-16,348215410,"Laptop Stand, LAN Adapter, LAN Cable",returned
2024-12-21,643189555,"Mouse, LAN Cable",not returned
2025-01-07,526213526,"LAN Adapter, Mouse",not returned
2025-11-16,435418436,"Wired headset Cushion, LAN Cable",returned
2024-06-08,932734539,"HDMI to VGA connector, Laptop Bag, Mouse",not returned
2024-07-14,809182681,"LAN Cable, Laptop Bag",not returned
2024-02-12,846305497,"LAN Cable, Laptop Bag",returned
2025-11-21,458406707,"VGA Connector, Mouse, Wireless Headset Cushion",returned
2025-12-11,975610118,Mouse,not returned
2025-03-13,184446671,"Power Cable, Laptop Stand, VGA Connector",not returned
2025-12-18,245047170,"Wired headset Cushion, Wireless Headset Cushion, HDMI to VGA connector",returned
2024-03-24,349777425,"Wireless Headset Cushion, Keyboard",not returned
2024-11-03,835126913,"LAN Adapter, VGA Connector",not returned
2025-02-11,362950628,VGA Connector,not returned
2025-01-13,246463340,"Wireless Headset Cushion, Keyboard, Power Cable",returned
2024-11-10,779454449,"Laptop Bag, Laptop Stand, Wireless Headset Cushion",not returned
2025-10-11,747060047,HDMI to VGA connector,not returned
2025-03-17,741180590,"Laptop Charger, Power Cable",returned
2024-02-18,770355280,"HDMI to VGA connector, VGA Connector",returned
2025-01-28,183577346,"Power Cable, Wireless Headset Cushion, Mouse",returned
2024-03-08,226128312,"Power Cable, HDMI to VGA connector, Laptop Stand",returned
2025-12-24,661906534,Laptop Charger,not returned
2025-12-20,738852124,Keyboard,returned
2024-04-04,624875038,"HDMI to VGA connector, Power Cable",returned
2024-05-15,856975382,LAN Cable,not returned
2025-01-10,862184916,"VGA Connector, Keyboard",returned
2024-07-31,993108266,"Power Cable, HDMI to VGA connector",not returned
2025-05-14,795009888,Mouse,returned
2024-08-31,367942460,"Power Cable, Laptop Stand, Keyboard",not returned
2025-05-03,693819730,"VGA Connector, Wired headset Cushion, Laptop Charger",not returned
2024-02-14,695411648,"Wired headset Cushion, Keyboard",returned
2025-11-10,679069250,"Laptop Bag, VGA Connector",returned
2024-02-26,892150738,"LAN Cable, HDMI to VGA connector",returned
2024-07-10,313540619,"Wireless Headset Cushion, LAN Adapter, Laptop Bag",returned
2025-01-19,731278472,"Wired headset Cushion, Keyboard, LAN Adapter",returned
2025-05-27,570473733,"Mouse, HDMI to VGA connector",not returned
2024-10-03,676498415,"Laptop Bag, Laptop Charger, Keyboard",returned
2025-03-14,382116655,"LAN Adapter, VGA Connector",not returned
2024-12-01,620332086,"Keyboard, Laptop Bag, HDMI to VGA connector",returned
2024-10-21,769200551,"LAN Cable, Laptop Stand",not returned
2025-09-15,807901168,"LAN Cable, Laptop Charger, Laptop Bag",returned
2024-11-07,786406624,"Mouse, Keyboard, Laptop Stand",returned
2025-03-19,762992051,Laptop Bag,not returned
2024-01-29,935822550,HDMI to VGA connector,not returned
2025-11-05,545478870,"Wired headset Cushion, LAN Cable",not returned
2025-09-18,379834642,"Wireless Headset Cushion, Laptop Charger, Laptop Stand",returned
2024-08-28,990566476,"Laptop Bag, Laptop Charger, LAN Cable",returned
2025-08-02,917696516,"Laptop Charger, LAN Adapter, HDMI to VGA connector",returned
2025-12-26,385417366,Mouse,not returned
2024-03-29,265510032,Laptop Charger,not returned
2024-05-02,889991777,"Mouse, VGA Connector, Laptop Stand",not returned
2024-04-07,421838360,"VGA Connector, Wired headset Cushion",not returned
2025-03-26,883803621,"Keyboard, Mouse",returned
2024-10-31,582440008,"VGA Connector, LAN Adapter",returned
2025-02-10,143630672,"Laptop Bag, HDMI to VGA connector, LAN Cable",not returned
2024-12-12,442648079,HDMI to VGA connector,returned
2025-03-04,501176618,VGA Connector,returned
2025-04-26,513140753,"Wired headset Cushion, Laptop Bag",returned
2025-12-04,211190223,"Power Cable, Laptop Charger",not returned
2025-05-15,191927283,HDMI to VGA connector,not returned
2025-07-14,235538456,VGA Connector,not returned
2024-09-01,929839316,"VGA Connector, Mouse",returned
2024-12-18,347087743,"VGA Connector, Wired headset Cushion, LAN Cable",not returned
2025-12-06,219778234,Wireless Headset Cushion,not returned
2024-05-23,500561082,"LAN Cable, VGA Connector, Wireless Headset Cushion",returned
2025-10-06,639198004,"Laptop Bag, Wireless Headset Cushion",not returned
2024-12-08,768637849,"Mouse, Power Cable",returned
2024-06-20,590941149,"Wired headset Cushion, HDMI to VGA connector, Laptop Stand",not returned
2025-11-10,874597473,"Laptop Stand, VGA Connector",not returned
2024-04-26,406281188,"Laptop Charger, Keyboard, Laptop Bag",returned
2024-12-17,468365044,"HDMI to VGA connector, Laptop Stand",not returned
2025-08-30,597044149,Laptop Charger,not returned
2024-08-30,967261018,Mouse,returned
2025-09-06,396284956,"HDMI to VGA connector, VGA Connector, Laptop Stand",not returned
2025-08-25,253308283,"Laptop Stand, Laptop Bag, HDMI to VGA connector",not returned
2025-08-11,716243819,"Laptop Charger, Wireless Headset Cushion",not returned
2024-08-23,307029662,"Laptop Stand, VGA Connector, Laptop Charger",not returned
2024-09-25,468141835,HDMI to VGA connector,not returned
2024-03-06,678143675,Power Cable,not returned
2024-02-20,179189225,"Mouse, Laptop Charger, VGA Connector",not returned
2024-03-24,818267208,"Laptop Charger, Wired headset Cushion, Mouse",not returned
2025-08-03,670758903,"LAN Cable, Laptop Charger, Power Cable",returned
2024-02-27,713152854,Mouse,returned
2025-07-13,769219685,VGA Connector,not returned
2024-11-22,689015467,Power Cable,returned
2024-11-30,380477683,"Laptop Charger, VGA Connector, Mouse",returned
2024-08-11,882576281,Laptop Stand,not returned
2024-03-17,142400500,"Laptop Stand, Power Cable",not returned
2025-07-31,434702822,"Laptop Stand, HDMI to VGA connector",not returned
2024-03-03,931875429,"LAN Cable, LAN Adapter, Wireless Headset Cushion",not returned
2025-07-12,856524312,Wireless Headset Cushion,not returned
2025-06-08,227117388,"Wireless Headset Cushion, Wired headset Cushion",not returned
2025-03-06,114810579,"HDMI to VGA connector, Laptop Stand",not returned
2025-04-05,272823429,Laptop Charger,not returned
2024-12-16,264494545,"Laptop Bag, Wireless Headset Cushion",returned
2025-04-05,699140867,"Keyboard, HDMI to VGA connector, VGA Connector",not returned
2024-09-21,923678093,Wired headset Cushion,not returned
2024-06-28,493914829,"Wireless Headset Cushion, Laptop Bag, Keyboard",returned
2025-05-21,598450776,LAN Cable,returned
2024-04-11,852451295,Mouse,returned
2024-11-27,479167941,"LAN Adapter, VGA Connector",returned
2024-02-27,371314895,Mouse,returned
2024-12-04,354194771,"VGA Connector, LAN Adapter, Wired headset Cushion",not returned
2025-03-02,982971099,"LAN Cable, Mouse",returned
2024-03-28,473620340,"Wired headset Cushion, Laptop Stand, Mouse",returned
2024-11-23,142817871,Mouse,not returned
2024-09-04,447464644,LAN Adapter,not returned
2025-12-17,892109271,Wireless Headset Cushion,returned
2025-02-15,847641906,"VGA Connector, LAN Cable",not returned
2025-09-09,862822145,"VGA Connector, Wireless Headset Cushion, Wired headset Cushion",returned
2025-02-20,740389325,LAN Adapter,not returned
2024-04-01,890937440,"LAN Adapter, Laptop Bag",returned
2025-02-13,572163615,"Laptop Charger, LAN Cable",returned
2025-07-29,567013808,"LAN Cable, Power Cable, LAN Adapter",not returned
2025-10-28,831773074,"LAN Cable, Keyboard",returned
2025-09-03,986170931,"HDMI to VGA connector, Wired headset Cushion",returned
2025-05-02,197352922,"Wired headset Cushion, VGA Connector",not returned
2025-02-21,654738715,"Laptop Charger, LAN Adapter",returned
2025-05-02,268499484,"HDMI to VGA connector, Wired headset Cushion, Mouse",returned
2024-10-05,131638762,"Laptop Bag, Power Cable",not returned
2024-02-18,260902774,LAN Cable,not returned
2025-01-13,811443654,"Wired headset Cushion, LAN Adapter, Laptop Bag",not returned
2025-08-21,783563240,"LAN Adapter, Laptop Charger",not returned
2024-11-25,158346438,"Laptop Stand, VGA Connector, LAN Adapter",returned
2025-05-16,546129354,"Laptop Charger, Keyboard, Laptop Stand",not returned
2024-08-02,605359412,"HDMI to VGA connector, Keyboard, Laptop Charger",returned
2025-11-22,491797490,"Laptop Stand, Wired headset Cushion, Laptop Charger",returned
2025-08-09,308323285,"Laptop Stand, VGA Connector",returned
2024-02-28,779231134,LAN Adapter,not returned
2025-10-23,636718857,"VGA Connector, Mouse, LAN Adapter",returned
2024-08-17,855954847,"VGA Connector, Laptop Charger",returned
2024-07-01,653808250,"LAN Cable, Wireless Headset Cushion",returned
2024-12-15,672825087,"Mouse, Wired headset Cushion",returned
2025-12-09,716035302,"HDMI to VGA connector, Keyboard",returned
2025-11-15,887564180,"Mouse, Wireless Headset Cushion",not returned
2025-07-24,402533494,LAN Cable,not returned
2025-01-06,916267011,"VGA Connector, Power Cable",not returned
2025-11-03,975610118,"LAN Cable, Laptop Stand, Laptop Bag",not returned
2025-09-25,117504619,Laptop Stand,not returned
2024-08-01,196201527,LAN Adapter,returned
2026-01-21,173678414,Wireless Headset Cushion,not returned
2024-03-06,605497119,"Laptop Stand, Power Cable, LAN Adapter",not returned
2025-06-03,515985367,VGA Connector,not returned
2025-08-19,761541819,"Wired headset Cushion, Keyboard",returned
2024-03-19,133960537,"Laptop Charger, Mouse",returned
2025-06-27,706118438,Keyboard,returned
2024-10-24,434339109,"LAN Cable, Mouse, Wired headset Cushion",returned
2024-12-09,235555899,"Wired headset Cushion, Laptop Stand",returned
2025-11-28,657749020,Laptop Stand,not returned
2025-05-30,190137896,"Laptop Charger, HDMI to VGA connector, LAN Adapter",not returned
2025-05-27,802128517,"Laptop Bag, LAN Cable",returned
2024-11-27,588322781,"Wireless Headset Cushion, Mouse",returned
2024-04-23,174041730,"Power Cable, Laptop Stand, VGA Connector",returned
2025-02-06,119079456,"LAN Cable, Power Cable, Laptop Stand",not returned
2024-02-11,265325235,"Power Cable, Laptop Bag",not returned
2025-01-04,873368624,Laptop Stand,not returned
2025-05-23,325320091,Wireless Headset Cushion,returned
2024-10-07,678293640,Laptop Stand,not returned
2024-11-24,342387465,"Laptop Stand, Laptop Bag, Power Cable",returned
2025-05-08,107638685,HDMI to VGA connector,returned
2024-10-21,996696177,"Keyboard, Laptop Stand",returned
2025-12-03,508031980,"Power Cable, LAN Cable",returned
2025-11-11,926830795,Laptop Charger,returned
2024-09-21,243205892,HDMI to VGA connector,not returned
2026-01-09,428786222,Wired headset Cushion,returned
2024-09-21,397302928,LAN Adapter,returned
2024-12-14,905488247,Laptop Stand,not returned
2025-04-10,798916441,"VGA Connector, Laptop Stand",not returned
2025-03-15,790756707,"HDMI to VGA connector, Laptop Stand",not returned
2024-10-04,792205349,LAN Adapter,not returned
2025-03-03,945026004,HDMI to VGA connector,not returned
2024-11-27,484077593,Laptop Charger,returned
2025-08-28,488302652,Wireless Headset Cushion,not returned
2025-03-28,258672959,Wired headset Cushion,not returned
2025-06-03,650349270,"Laptop Charger, Wired headset Cushion",not returned
2024-07-10,168544512,"LAN Cable, HDMI to VGA connector, Wireless Headset Cushion",not returned
2024-04-07,335602191,"VGA Connector, LAN Adapter, Laptop Bag",not returned
2025-08-04,771651925,LAN Adapter,not returned
2025-07-20,906341966,"LAN Cable, Mouse, Laptop Stand",returned
2025-11-09,264752975,"Mouse, LAN Adapter, Power Cable",returned
2024-04-19,176467315,Keyboard,returned
2026-01-15,739362057,Laptop Stand,not returned
2025-01-07,388926290,Laptop Charger,not returned
2024-03-20,224328383,"Mouse, LAN Adapter",not returned
2026-01-12,724440558,Laptop Stand,not returned
2024-07-25,662581035,"Mouse, Laptop Stand",not returned
2025-07-25,287364857,Keyboard,returned
2025-05-23,632711663,Laptop Charger,not returned
2025-01-27,702728525,"Power Cable, Keyboard",not returned
2024-12-05,454549587,"Laptop Charger, Wired headset Cushion",returned
2025-03-23,447313528,"Keyboard, LAN Cable, Mouse",returned
2024-12-05,226182283,"Power Cable, Laptop Stand",not returned
2025-11-28,524993183,"Mouse, Laptop Bag, Keyboard",not returned
2024-11-06,946307028,"HDMI to VGA connector, Laptop Charger, Keyboard",returned
2025-06-03,328955937,LAN Adapter,not returned
2025-04-22,615057244,Keyboard,not returned
2024-07-17,416655712,"LAN Cable, Mouse, Laptop Bag",not returned
2026-01-08,195566069,Laptop Charger,returned
2024-01-26,575625690,"Keyboard, Wireless Headset Cushion",returned
2024-06-26,584912105,Laptop Charger,not returned
2024-03-02,828230915,"HDMI to VGA connector, Power Cable, Laptop Bag",returned
2024-08-30,105013454,"HDMI to VGA connector, Mouse, Keyboard",not returned
2025-06-01,808897689,HDMI to VGA connector,not returned
2025-02-24,325177291,LAN Cable,not returned
2024-10-20,790042893,"Wired headset Cushion, HDMI to VGA connector",not returned
2024-11-08,705855162,LAN Cable,not returned
2025-10-29,836928463,"Wireless Headset Cushion, Wired headset Cushion, Keyboard",returned
2025-04-25,251266214,Power Cable,returned
2024-12-22,350785761,"HDMI to VGA connector, Keyboard",returned
2026-01-19,785252000,"VGA Connector, HDMI to VGA connector",not returned
2025-10-12,908186980,Keyboard,returned
2024-11-09,981994345,"Laptop Stand, LAN Adapter",not returned
2025-10-11,371379423,Keyboard,not returned
2024-07-06,639577241,Laptop Charger,not returned
2024-12-26,855954847,Wireless Headset Cushion,not returned
2024-12-23,588365604,LAN Adapter,returned
2024-06-18,961995665,"Laptop Bag, LAN Cable, Power Cable",returned
2025-09-04,500414366,"Wireless Headset Cushion, LAN Adapter",not returned
2025-08-28,879535586,Laptop Bag,not returned
2025-04-17,526794469,"Wireless Headset Cushion, VGA Connector",returned
2025-01-20,337861414,"Wired headset Cushion, LAN Cable",not returned
2024-05-26,607692567,"Wired headset Cushion, VGA Connector, Keyboard",returned
2025-03-19,440908961,Power Cable,not returned
2024-04-29,860328560,"HDMI to VGA connector, VGA Connector",not returned
2024-11-10,269042105,"Laptop Charger, Laptop Bag, Wireless Headset Cushion",not returned
2024-05-17,507693523,"Wired headset Cushion, VGA Connector, HDMI to VGA connector",returned
2024-12-13,355098831,"Wireless Headset Cushion, LAN Cable",not returned
2024-06-14,112838650,HDMI to VGA connector,not returned
2025-04-12,106848195,"HDMI to VGA connector, Keyboard",returned
2024-05-28,497864507,"Laptop Bag, LAN Cable, Laptop Stand",returned
2024-10-09,287409640,"Wired headset Cushion, VGA Connector, Wireless Headset Cushion",returned
2024-12-02,149861842,"VGA Connector, Laptop Bag, Wireless Headset Cushion",returned
2025-05-11,405352880,"Laptop Bag, Power Cable, LAN Cable",returned
2024-10-22,206323670,"VGA Connector, Laptop Charger, Power Cable",not returned
2024-07-17,766208705,HDMI to VGA connector,returned
2025-10-05,108948759,LAN Cable,not returned
2025-08-07,165310776,"Laptop Charger, Mouse, LAN Adapter",not returned
2025-02-19,928123020,"Keyboard, Mouse",returned
2025-05-05,865975088,Laptop Stand,returned
2024-10-25,653388287,"Power Cable, VGA Connector",returned
2025-02-05,213669678,VGA Connector,returned
2025-03-28,828526750,"Keyboard, LAN Adapter",returned
2025-02-02,996278008,"HDMI to VGA connector, VGA Connector",returned
2024-08-09,568213197,"HDMI to VGA connector, VGA Connector",returned
2024-11-02,407908620,"LAN Adapter, VGA Connector, HDMI to VGA connector",returned
2025-03-23,848267035,LAN Adapter,returned
2026-01-01,407012827,"LAN Cable, Keyboard",returned
2025-05-20,546058739,"Laptop Bag, Laptop Stand, LAN Adapter",not returned
2024-06-30,336079027,"VGA Connector, Wired headset Cushion",not returned
2024-04-20,270307732,Laptop Bag,not returned
2024-12-15,215213239,LAN Adapter,returned
2024-10-21,803771909,"Power Cable, LAN Adapter, Mouse",returned
2025-06-28,789137659,"LAN Adapter, Keyboard",returned
2024-07-24,986812783,HDMI to VGA connector,not returned
2025-07-07,635550230,"Keyboard, Wireless Headset Cushion",not returned
2024-08-02,982442542,"HDMI to VGA connector, Laptop Charger, Power Cable",not returned
2024-06-02,198524063,HDMI to VGA connector,not returned
2024-10-13,372706093,"Laptop Bag, LAN Cable, Wireless Headset Cushion",returned
2024-03-07,952923229,HDMI to VGA connector,returned
2025-05-25,760080817,"Keyboard, Laptop Bag",not returned
2024-02-14,828404274,Laptop Stand,not returned
2024-11-22,313814138,"Laptop Bag, Laptop Charger, Power Cable",not returned
2025-07-18,848026005,"LAN Cable, Laptop Stand",returned
2024-07-05,708491359,VGA Connector,not returned
2025-09-03,542437192,HDMI to VGA connector,not returned
2024-04-30,213669678,HDMI to VGA connector,returned
2024-09-15,433879270,Wired headset Cushion,not returned
2024-06-28,741531280,"LAN Cable, VGA Connector, Power Cable",not returned
2024-11-25,792414048,"VGA Connector, LAN Adapter, Laptop Bag",returned
2024-06-25,809069927,Wired headset Cushion,not returned
2025-12-22,665269791,"Wired headset Cushion, Laptop Stand",not returned
2025-08-05,320548167,"Laptop Charger, VGA Connector",returned
2024-06-17,828419083,Wireless Headset Cushion,not returned
2024-07-18,183862154,LAN Adapter,not returned
2024-07-14,785811060,Power Cable,returned
2024-03-26,250270803,Wireless Headset Cushion,returned
2024-10-21,530121245,"HDMI to VGA connector, Keyboard",not returned
2025-09-26,747772834,Wired headset Cushion,not returned
2024-01-28,423362525,"LAN Cable, Power Cable, Laptop Bag",returned
2025-06-27,627872109,Mouse,not returned
2024-07-28,600422869,"Laptop Charger, Laptop Stand",returned
2025-02-27,237859287,"Wireless Headset Cushion, LAN Adapter, Laptop Charger",not returned
2024-08-16,994253959,"Keyboard, Laptop Bag, Power Cable",returned
2025-04-16,679184667,"Laptop Bag, LAN Adapter, Wired headset Cushion",returned
2024-01-27,491049332,"Wired headset Cushion, LAN Cable",not returned
2024-09-10,277173978,Laptop Charger,not returned
2024-04-22,828327980,"Power Cable, VGA Connector",returned
2024-04-16,878371032,Power Cable,not returned
2024-02-13,451581531,"VGA Connector, LAN Adapter",not returned
2024-06-08,737849448,LAN Adapter,returned
2024-10-12,920184955,"LAN Cable, HDMI to VGA connector, Keyboard",not returned
2025-06-15,790756707,"Wired headset Cushion, VGA Connector",not returned
2025-02-28,342217614,"HDMI to VGA connector, Laptop Stand",returned
2024-06-24,554941605,"HDMI to VGA connector, LAN Cable",returned
2025-12-08,327350811,LAN Cable,not returned
2026-01-08,421838360,Laptop Bag,not returned
2024-10-14,974204752,Power Cable,returned
2024-02-19,999232921,LAN Cable,not returned
2025-08-15,145296783,"Keyboard, LAN Cable",not returned
2025-05-13,341712209,HDMI to VGA connector,returned
2025-12-02,968977829,"LAN Cable, Wireless Headset Cushion",returned
2024-11-11,286630878,"Keyboard, LAN Adapter, Mouse",returned
2024-09-23,158398995,Laptop Bag,returned
2024-08-11,333658861,"VGA Connector, Mouse, LAN Cable",not returned
2025-09-23,998696871,"LAN Adapter, Laptop Bag",not returned
2025-11-13,231556899,Power Cable,returned
2025-10-12,328450041,HDMI to VGA connector,not returned
2025-03-24,252725050,Power Cable,returned
2024-04-08,599154414,"Laptop Bag, Keyboard, Laptop Stand",returned
2024-05-10,129635852,"Laptop Bag, VGA Connector, HDMI to VGA connector",returned
2024-04-21,673313757,"Laptop Bag, Power Cable, Laptop Charger",not returned
2025-06-16,902990996,Keyboard,returned
2025-09-20,483138514,"LAN Adapter, Power Cable, HDMI to VGA connector",not returned
2025-03-08,822604249,Wired headset Cushion,not returned
2024-04-04,324466780,Wired headset Cushion,not returned
2024-02-17,759316106,LAN Cable,not returned
2025-06-28,959047280,"Laptop Charger, Laptop Stand, Wired headset Cushion",not returned
2025-03-28,184337702,"Mouse, Wired headset Cushion, VGA Connector",not returned
2025-10-01,944552318,VGA Connector,returned
2024-08-02,485240450,HDMI to VGA connector,not returned
2025-09-11,678958595,"Laptop Charger, Power Cable",not returned
2024-07-14,411209672,"Laptop Bag, VGA Connector, Keyboard",returned
2024-06-02,662714327,Mouse,not returned
2025-06-18,729624046,Mouse,not returned
2024-08-24,965661638,"LAN Cable, Laptop Stand",not returned
2024-11-17,229429404,"Power Cable, Keyboard, Laptop Stand",returned
2025-04-15,562760731,Wireless Headset Cushion,returned
2024-08-19,400855850,Laptop Bag,not returned
2024-12-20,208482467,"LAN Cable, LAN Adapter, Keyboard",not returned
2024-02-09,226942964,"LAN Adapter, Wired headset Cushion",returned
2025-05-19,320827549,Power Cable,returned
2024-10-17,249324059,"Laptop Charger, Mouse, Wireless Headset Cushion",returned
2025-09-24,325567963,LAN Adapter,returned
2024-02-06,251995483,Laptop Bag,not returned
2025-02-03,769136744,"Laptop Stand, Wireless Headset Cushion, Laptop Bag",not returned
2025-09-17,673359435,"Wireless Headset Cushion, Keyboard, Mouse",not returned
2024-11-11,805627914,"Laptop Stand, Keyboard",not returned
2024-01-26,171947052,"LAN Cable, Keyboard, VGA Connector",not returned
2024-08-19,603260608,"Mouse, VGA Connector",returned
2025-01-13,876693898,Wireless Headset Cushion,returned
2024-06-16,694768704,"LAN Adapter, Keyboard, Wired headset Cushion",returned
2025-12-10,920600973,Wired headset Cushion,returned
2024-09-28,173512612,"Power Cable, Laptop Bag",returned
2025-12-19,763873742,"LAN Adapter, LAN Cable, Power Cable",returned
2025-03-01,740389325,Power Cable,not returned
2025-04-22,399496923,Laptop Charger,not returned
2025-09-24,930164576,"LAN Cable, Mouse, Laptop Bag",returned
2024-08-14,730200307,Power Cable,returned
2024-10-05,214518079,"Wireless Headset Cushion, HDMI to VGA connector",returned
2024-07-07,721300772,"Mouse, HDMI to VGA connector",returned
2025-04-01,389855641,"Wireless Headset Cushion, Laptop Charger, Wired headset Cushion",not returned
2025-01-12,540211187,"VGA Connector, Wired headset Cushion, Laptop Stand",returned
2025-08-23,478921345,Power Cable,returned
2025-05-31,259831058,"HDMI to VGA connector, LAN Cable, Mouse",not returned
2026-01-23,690404558,"Power Cable, Wireless Headset Cushion, Keyboard",returned
2024-07-31,388390253,Power Cable,not returned
2025-11-24,163734988,LAN Adapter,not returned
2025-10-21,164183056,Wired headset Cushion,not returned
2024-02-07,299434489,"VGA Connector, Keyboard",returned
2024-08-25,701818966,LAN Cable,not returned
2025-11-09,214949614,"Laptop Charger, Mouse, Power Cable",returned
2025-05-27,504612520,"Wireless Headset Cushion, HDMI to VGA connector",not returned
2024-02-07,908839964,"HDMI to VGA connector, LAN Adapter, VGA Connector",not returned
2025-05-30,590209766,Wired headset Cushion,returned
2024-06-05,607854378,Laptop Bag,returned
2025-08-09,624875038,"VGA Connector, HDMI to VGA connector",not returned
2025-09-23,114810579,"HDMI to VGA connector, Wired headset Cushion, VGA Connector",not returned
2024-10-07,336614898,"Keyboard, LAN Adapter",returned
2024-02-22,692362342,"LAN Adapter, Laptop Charger",returned
2025-06-18,818267208,"Laptop Bag, Keyboard",returned
2025-01-25,111500207,"Laptop Stand, Mouse",not returned
2025-05-03,335154329,Mouse,not returned
2024-10-18,646346564,"LAN Adapter, Laptop Stand, Wired headset Cushion",returned
2024-10-08,293656603,Laptop Bag,returned
2026-01-12,600422869,Wired headset Cushion,returned
2025-07-06,680051935,"HDMI to VGA connector, LAN Cable",returned
2024-06-07,285250002,"Wireless Headset Cushion, Keyboard, Mouse",returned
2025-07-06,161076482,"VGA Connector, Laptop Bag, Keyboard",not returned
2025-09-21,421417903,VGA Connector,returned
2025-08-05,590523712,"Power Cable, LAN Adapter, VGA Connector",returned
2024-12-29,487005172,"Power Cable, Laptop Bag, HDMI to VGA connector",returned
2025-07-17,257027702,"Wireless Headset Cushion, VGA Connector",returned
2025-12-20,705167856,"Laptop Charger, LAN Adapter, Wired headset Cushion",not returned
2024-09-01,156982428,"Laptop Stand, VGA Connector",returned
2025-10-27,134606221,"Power Cable, Laptop Bag",not returned
2025-07-04,590593090,"Laptop Stand, Wired headset Cushion, LAN Adapter",returned
2024-12-29,895697985,"HDMI to VGA connector, VGA Connector, Laptop Stand",not returned
2025-02-06,773479021,"Laptop Stand, HDMI to VGA connector, Power Cable",not returned
2025-07-24,432288618,HDMI to VGA connector,returned
2025-12-25,223240112,"Mouse, VGA Connector",not returned
2024-06-05,828597565,Laptop Bag,returned
2025-05-16,206492059,"Wired headset Cushion, Wireless Headset Cushion, Laptop Stand",returned
2025-06-14,574997731,"Power Cable, HDMI to VGA connector, Laptop Bag",returned
2025-05-27,222420042,"HDMI to VGA connector, LAN Adapter, Laptop Charger",returned
2024-02-04,838487369,"HDMI to VGA connector, Laptop Charger, LAN Cable",returned
2024-06-27,598976917,VGA Connector,not returned
2025-07-29,502838221,"Mouse, Keyboard",returned
2025-05-31,826619655,"Wired headset Cushion, Mouse, Laptop Stand",not returned
2026-01-24,949785821,"Laptop Charger, Wired headset Cushion",returned
2025-02-10,720286733,"Laptop Bag, HDMI to VGA connector, Mouse",returned
2025-08-26,911941471,"LAN Adapter, Laptop Bag, Keyboard",not returned
2025-11-11,639633807,"LAN Adapter, LAN Cable",not returned
2024-06-03,577488537,HDMI to VGA connector,not returned
2025-02-28,217429693,Laptop Bag,not returned
2024-04-10,977752159,"LAN Cable, HDMI to VGA connector",returned
2024-01-31,823494111,"LAN Adapter, Laptop Charger, HDMI to VGA connector",returned
2024-03-14,944948773,"Laptop Bag, Power Cable, Wireless Headset Cushion",not returned
2025-09-16,108780419,LAN Adapter,returned
2024-02-06,108695125,"Power Cable, Laptop Charger, Mouse",returned
2024-05-18,654738715,"Laptop Charger, Wired headset Cushion",returned
2024-09-03,388532840,HDMI to VGA connector,returned
2025-05-26,737727239,"HDMI to VGA connector, Laptop Bag",returned
2024-01-30,256104757,"LAN Cable, HDMI to VGA connector, VGA Connector",returned
2025-04-28,615163018,Wired headset Cushion,returned
2025-01-31,229640083,"Keyboard, Mouse",returned
2024-12-25,755263618,"LAN Adapter, Power Cable",returned
2024-11-27,479759538,"Power Cable, HDMI to VGA connector",not returned
2025-10-13,932111777,"Laptop Charger, LAN Cable",returned
2025-08-11,826619655,"Keyboard, Mouse",not returned
2026-01-04,160314355,"Wireless Headset Cushion, Keyboard",returned
2025-02-08,848251568,Power Cable,returned
2025-11-09,508157429,"Keyboard, HDMI to VGA connector, Laptop Charger",not returned
2024-02-03,106854580,Power Cable,returned
2024-05-13,475442872,"Laptop Bag, Mouse",returned
2025-02-19,622702576,Wired headset Cushion,not returned
2024-02-11,432496317,"LAN Adapter, Laptop Stand, Wireless Headset Cushion",not returned
2025-03-26,990514408,Keyboard,returned
2024-12-18,936305099,"Laptop Stand, VGA Connector, Laptop Bag",returned
2025-01-20,363202977,Power Cable,returned
2025-03-29,779231134,"LAN Cable, Laptop Charger, VGA Connector",returned
2025-10-17,810751262,Wired headset Cushion,returned
2024-04-11,601856351,"Keyboard, VGA Connector",returned
2025-03-15,793563667,"VGA Connector, LAN Adapter",not returned
2025-10-23,551360199,"Laptop Stand, Power Cable, Laptop Bag",not returned
2024-12-30,595155950,"Laptop Bag, VGA Connector",returned
2025-04-30,415143362,"VGA Connector, Wireless Headset Cushion",returned
2025-04-24,131264549,"Mouse, Laptop Bag, Keyboard",returned
2024-03-11,977198832,"Laptop Stand, Power Cable",returned
2024-07-07,226552991,Power Cable,not returned
2024-07-25,597514616,"VGA Connector, Laptop Charger, Wired headset Cushion",not returned
2025-03-24,557914110,Power Cable,returned
2024-08-28,588365604,"Laptop Stand, Laptop Charger, LAN Cable",returned
2025-09-23,116121432,"Laptop Bag, LAN Adapter",returned
2025-07-11,679055622,Mouse,not returned
2025-11-05,536164913,"Power Cable, Wired headset Cushion, Laptop Bag",not returned
2025-03-03,964926282,"Keyboard, LAN Adapter, Power Cable",not returned
2024-07-08,353018691,"Wireless Headset Cushion, Laptop Stand",not returned
2026-01-12,587563596,"Laptop Charger, LAN Adapter, Laptop Stand",not returned
2025-10-01,958416162,"Laptop Bag, LAN Adapter",returned
2025-10-08,273909699,"Keyboard, Wireless Headset Cushion, Laptop Stand",not returned
2024-11-30,423646570,"Power Cable, LAN Cable",not returned
2024-06-18,795398363,"VGA Connector, Mouse, Laptop Bag",not returned
2024-12-08,685809361,Laptop Charger,not returned
2025-12-16,991091361,"HDMI to VGA connector, Wired headset Cushion",returned
2024-09-25,797299908,"HDMI to VGA connector, Mouse",not returned
2025-03-20,507407714,"Wireless Headset Cushion, VGA Connector",returned
2025-06-05,410950586,Wireless Headset Cushion,not returned
2025-03-02,894113665,"LAN Adapter, Power Cable",returned
2025-07-16,500614581,"Wired headset Cushion, Power Cable",not returned
2024-08-14,829835592,"Mouse, Laptop Stand",returned
2025-11-18,976704309,"LAN Adapter, Laptop Stand",not returned
2025-09-08,824403104,"Laptop Charger, Mouse, Laptop Bag",returned
2025-07-03,927672827,Wired headset Cushion,returned
2024-10-14,444529729,HDMI to VGA connector,returned
2025-04-19,717056083,"VGA Connector, Laptop Stand",not returned
2024-04-14,919395339,LAN Cable,returned
2025-05-22,395296179,"VGA Connector, Laptop Charger",not returned
2025-07-27,852498189,"Laptop Charger, Laptop Stand",not returned
2025-02-06,201240032,Wireless Headset Cushion,returned
2025-04-08,574443895,Power Cable,returned
2025-08-11,492529027,"Wired headset Cushion, LAN Adapter, LAN Cable",returned
2025-04-24,194264587,"Power Cable, Laptop Stand, Mouse",returned
2024-09-26,487014547,LAN Cable,returned
2024-05-19,264013159,Wired headset Cushion,not returned
2024-05-12,255856197,"LAN Adapter, LAN Cable",not returned
2024-11-17,971763327,"HDMI to VGA connector, VGA Connector",not returned
2025-06-15,599352182,"Wireless Headset Cushion, LAN Cable",not returned
2024-06-05,233523720,Mouse,not returned
2024-06-29,903132646,"Laptop Charger, LAN Adapter, Wireless Headset Cushion",not returned
2024-02-24,835354265,VGA Connector,returned
2025-02-14,742827694,"LAN Cable, HDMI to VGA connector",not returned
2025-05-02,444603491,"LAN Adapter, LAN Cable, Wireless Headset Cushion",returned
2025-08-24,772660857,"Wired headset Cushion, Mouse, Laptop Charger",not returned
2024-03-19,778627510,"LAN Cable, Laptop Bag",returned
2024-03-24,286237999,"Wireless Headset Cushion, LAN Adapter",not returned
2024-12-06,261152186,"LAN Adapter, Mouse",returned
2025-02-07,214518079,"LAN Adapter, Wired headset Cushion, Laptop Stand",not returned
2024-03-08,260045822,"Laptop Stand, Wireless Headset Cushion",returned
2024-03-22,633019326,"Laptop Bag, Wireless Headset Cushion, Keyboard",not returned
2025-09-15,720551525,"Wireless Headset Cushion, Laptop Stand, Laptop Bag",not returned
2024-03-25,477084942,Wired headset Cushion,not returned
2025-06-10,671855941,"Wireless Headset Cushion, Power Cable, HDMI to VGA connector",not returned
2025-05-03,473984594,"Wireless Headset Cushion, VGA Connector, Keyboard",not returned
2025-12-01,695363509,"Laptop Charger, LAN Adapter, LAN Cable",returned
2024-09-28,659531734,Laptop Stand,returned
2024-02-27,339111798,"Laptop Stand, Wireless Headset Cushion",not returned
2025-11-30,217427280,Laptop Bag,returned
2025-02-08,445577110,"Laptop Charger, VGA Connector",returned
2025-03-07,492607356,"Laptop Bag, Keyboard, VGA Connector",not returned
2024-04-18,945436943,HDMI to VGA connector,returned
2026-01-20,959910144,"Wireless Headset Cushion, Wired headset Cushion",returned
2024-06-13,473984594,VGA Connector,returned
2025-09-14,691090113,"Power Cable, LAN Cable, LAN Adapter",not returned
2024-11-11,889579134,"Power Cable, Mouse",returned
2024-07-27,446389157,LAN Adapter,not returned
2026-01-10,115191689,"Laptop Stand, Wired headset Cushion",returned
2024-03-03,239665900,LAN Cable,returned
2025-06-07,643271261,"HDMI to VGA connector, Wireless Headset Cushion, Laptop Bag",returned
2024-12-28,998106748,"Laptop Charger, Wireless Headset Cushion, Laptop Bag",returned
2025-12-09,865974442,"Wireless Headset Cushion, VGA Connector",not returned
2024-11-06,408261300,"Laptop Bag, HDMI to VGA connector, VGA Connector",not returned
2025-07-16,243418388,Power Cable,returned
2025-06-05,595279737,LAN Adapter,returned
2025-06-22,124101254,"Mouse, Laptop Charger, Laptop Stand",returned
2025-09-20,386083995,"LAN Adapter, LAN Cable",returned
2025-01-05,522950895,"Wireless Headset Cushion, Laptop Stand, Laptop Charger",returned
2024-05-26,779432289,LAN Cable,returned
2024-03-26,585811477,Mouse,returned
2024-11-24,608678910,"Power Cable, Keyboard",not returned
2024-09-26,282649071,"Laptop Bag, Wired headset Cushion, Mouse",not returned
2024-11-20,810543344,"Keyboard, LAN Cable, Laptop Stand",not returned
2024-04-27,241522640,"LAN Adapter, Laptop Bag, Power Cable",returned
2024-08-19,299451515,"Laptop Charger, Keyboard, Wireless Headset Cushion",returned
2025-10-08,792463878,"Wired headset Cushion, Laptop Charger",returned
2025-04-30,739529933,"Wired headset Cushion, HDMI to VGA connector, Power Cable",not returned
2025-08-13,587096273,Laptop Stand,not returned
2025-06-26,498784578,"VGA Connector, HDMI to VGA connector, Wired headset Cushion",returned
2026-01-11,598969054,"Keyboard, LAN Adapter, Laptop Charger",not returned
2025-08-25,170772317,Laptop Stand,returned
2025-10-13,544770805,"LAN Cable, Wired headset Cushion",not returned
2025-03-27,350006353,"VGA Connector, Mouse",returned
2025-07-30,499905152,Wireless Headset Cushion,not returned
2024-03-02,862735437,"Power Cable, Keyboard",returned
2025-12-09,888208775,Laptop Bag,returned
2025-02-22,609912042,"VGA Connector, Laptop Charger",not returned
2025-10-21,905611583,"HDMI to VGA connector, Laptop Bag",returned
2024-12-10,588293766,"VGA Connector, Wireless Headset Cushion",not returned
2024-02-18,884539206,"Power Cable, LAN Cable",returned
2025-10-01,716233644,LAN Adapter,returned
2025-08-14,718774770,Power Cable,not returned
2024-06-21,669474377,"VGA Connector, Laptop Bag, Laptop Charger",not returned
2025-01-22,636422667,"Mouse, LAN Cable, Laptop Bag",not returned
2024-09-12,513061224,Power Cable,not returned
2025-12-08,583100677,Wireless Headset Cushion,not returned
2026-01-12,501707828,"LAN Cable, Laptop Stand, Laptop Charger",returned
2024-03-10,389385259,"Laptop Stand, LAN Adapter",returned
2024-11-07,204138894,"LAN Adapter, Wired headset Cushion, VGA Connector",not returned
2024-03-16,706907788,"LAN Cable, Power Cable, Laptop Bag",returned
2026-01-13,437351729,"Laptop Bag, Laptop Stand, VGA Connector",not returned
2025-08-08,971640080,VGA Connector,not returned
2025-05-23,226902446,"Wireless Headset Cushion, Mouse",returned
2024-07-10,439660140,"Power Cable, LAN Adapter, Wired headset Cushion",returned
2024-10-11,946205663,"Laptop Charger, VGA Connector",returned
2024-09-01,746414349,"HDMI to VGA connector, Keyboard",not returned
2024-03-26,724870012,Keyboard,not returned
2024-11-28,508431021,Laptop Stand,returned
2025-10-23,856594938,"Laptop Charger, LAN Cable, Wireless Headset Cushion",returned
2024-03-25,260677223,"VGA Connector, HDMI to VGA connector, LAN Cable",returned
2025-06-10,543109075,"HDMI to VGA connector, Laptop Stand",not returned
2024-03-23,568213353,"LAN Adapter, VGA Connector",returned
2025-10-17,362878922,"Wired headset Cushion, Mouse, HDMI to VGA connector",not returned
2024-04-16,253785761,"Laptop Stand, LAN Adapter",not returned
2024-02-06,707363258,Mouse,returned
2024-09-07,804263267,LAN Adapter,not returned
2025-10-07,309540440,"Laptop Charger, Wired headset Cushion",returned
2025-09-23,723926702,"Wired headset Cushion, VGA Connector",returned
2025-02-12,379340713,Power Cable,returned
2024-04-16,915401487,"Laptop Charger, Keyboard, VGA Connector",not returned
2024-03-21,622881542,"Laptop Stand, Laptop Bag, VGA Connector",returned
2024-07-30,798512415,"Mouse, Laptop Stand, Power Cable",not returned
2024-08-22,790844104,LAN Adapter,returned
2025-09-15,220483278,Power Cable,not returned
2024-08-26,450368842,"Power Cable, Laptop Charger",returned
2025-04-19,304528085,"HDMI to VGA connector, Wireless Headset Cushion",not returned
2025-09-10,515985367,Power Cable,not returned
2024-02-06,973008988,"HDMI to VGA connector, Laptop Stand, Wired headset Cushion",returned
2025-06-24,513886549,"LAN Adapter, Wireless Headset Cushion, HDMI to VGA connector",returned
2024-01-28,569339388,"Laptop Bag, Laptop Stand, LAN Cable",not returned
2024-01-28,690664472,HDMI to VGA connector,not returned
2024-06-07,575625690,"LAN Cable, Power Cable, Laptop Stand",not returned
2024-11-18,942754807,Laptop Stand,returned
2025-12-30,462219407,"Laptop Bag, Mouse",returned
2025-07-04,719975993,"Laptop Bag, Wireless Headset Cushion",not returned
2025-08-28,928316966,LAN Adapter,not returned
2025-06-30,386749454,"Mouse, HDMI to VGA connector, VGA Connector",returned
2024-05-04,417690559,"LAN Adapter, Laptop Stand, Wired headset Cushion",not returned
2025-05-26,546129354,"LAN Adapter, Wireless Headset Cushion, Mouse",not returned
2024-12-24,888208775,"LAN Cable, HDMI to VGA connector",returned
2026-01-11,916875967,"Wireless Headset Cushion, Wired headset Cushion, Laptop Charger",not returned
2025-06-08,316544937,"LAN Adapter, LAN Cable, HDMI to VGA connector",returned
2025-07-10,756298806,"VGA Connector, Laptop Bag",returned
2025-07-17,828005909,LAN Adapter,returned
2025-01-03,502482554,Power Cable,not returned
2024-07-04,407593997,"Laptop Bag, LAN Adapter",not returned
2026-01-19,587972689,"VGA Connector, Laptop Bag",returned
2025-08-20,816114302,"Laptop Charger, Mouse",not returned
2024-09-09,578531560,"Laptop Stand, HDMI to VGA connector, Keyboard",not returned
2024-08-04,660540722,Laptop Bag,returned
2024-08-25,830511568,Power Cable,not returned
2025-10-22,686556403,"Wired headset Cushion, LAN Adapter",not returned
2025-02-19,359564054,"Wireless Headset Cushion, Wired headset Cushion",not returned
2024-06-29,577886922,"Mouse, Keyboard, HDMI to VGA connector",not returned
2025-05-23,345824373,"Laptop Charger, LAN Adapter, Wired headset Cushion",returned
2024-02-26,859279763,"Power Cable, Keyboard",not returned
2025-05-07,686923535,"LAN Adapter, Wireless Headset Cushion, Mouse",not returned
2024-08-16,675696756,"VGA Connector, LAN Adapter, Mouse",not returned
2024-03-28,602564736,HDMI to VGA connector,returned
2025-10-18,692697161,Laptop Stand,returned
2024-04-23,726700279,Wired headset Cushion,returned
2024-02-23,260221190,"Keyboard, Wired headset Cushion",not returned
2024-04-02,653520069,LAN Adapter,returned
2025-12-31,160188010,"LAN Adapter, HDMI to VGA connector",returned
2025-10-27,993399121,Mouse,returned
2025-05-12,861052404,"Keyboard, Laptop Charger, Wired headset Cushion",not returned
2024-12-03,329086910,"VGA Connector, LAN Cable",not returned
2024-11-07,538719265,"Mouse, Power Cable",returned
2024-07-26,179453743,LAN Cable,returned
2024-06-04,160350543,LAN Adapter,returned
2025-01-23,350636897,"Keyboard, Wireless Headset Cushion, LAN Cable",returned
2025-04-11,835153644,"Power Cable, LAN Adapter",returned
2024-09-26,855971970,Laptop Stand,returned
2025-09-07,852126726,"Power Cable, Laptop Stand, Wireless Headset Cushion",returned
